date,temperature,temperature_min,temperature_max,wind_speed
1/1/14,11.6,0,21.9,5.9
1/2/14,4.2,-5.1,21.9,9.5
1/3/14,-1,-6,12,14.6
1/4/14,0.9,-14.1,21.9,4.1
1/5/14,17.9,6.1,30,3.2
1/6/14,38.5,26.6,48.9,7.5
1/7/14,21,8.1,50,14.6
1/8/14,10,3.9,28.9,10.4
1/9/14,16.5,3.9,26.1,4.3
1/10/14,15.5,3,30,3.3
1/11/14,34,28.9,46.9,4.1
1/12/14,45.3,28.9,51.1,11.1
1/13/14,37.1,28.9,51.1,6.7
1/14/14,42.4,28.9,45,7.9
1/15/14,37.9,28.9,45,4.2
1/16/14,32,27,45,3
1/17/14,36.2,27,41,2.8
1/18/14,30.2,25,41,3.5
1/19/14,30.4,25,33.1,6.5
1/20/14,30.9,27,37,8.8
1/21/14,12,1.9,37,7.5
1/22/14,9.2,1.9,17.1,12.4
1/23/14,8.4,-2.9,19,6.2
1/24/14,6.8,-2.9,19,5.2
1/25/14,20.1,-2.9,35.1,7.4
1/26/14,20.1,12,35.1,11.6
1/27/14,24.4,12,39.9,6.4
1/28/14,15.6,9,39.9,9.9
1/29/14,16,9,23,6.1
1/30/14,17.2,8.1,25,6.4
1/31/14,27.1,8.1,37.9,6.8
2/1/14,31.3,21,37.9,2.4
2/2/14,36.8,23,42.1,5.1
2/3/14,32.2,28,42.1,4.7
2/4/14,23.4,14,34,3.8
2/5/14,23.7,14,30.9,7.4
2/6/14,17.1,6.1,27,5.1
2/7/14,16,1,27,6.1
2/8/14,20.5,1,28.9,6.3
2/9/14,21,8.1,28.9,5.5
2/10/14,21.8,15.1,25,6.8
2/11/14,10.8,-6,25,4.8
2/12/14,11.9,-6,28.9,5.3
2/13/14,19.3,10,27,5.7
2/14/14,31.9,27,34,13.5
2/15/14,26.4,16,34,5
2/16/14,26.5,16,32,12.7
2/17/14,17.3,9,28.9,10.3
2/18/14,12.4,-2,25,4.6
2/19/14,24.8,-2,34,5.3
2/20/14,34.6,10,46.9,7.2
2/21/14,35.8,19.9,46.9,6.5
2/22/14,37.2,26.1,46,6.9
2/23/14,39.8,26.1,46.9,6.1
2/24/14,33.8,25,46.9,8.6
2/25/14,20.3,14,37.9,8.4
2/26/14,15.9,3.9,27,5.9
2/27/14,14.1,3,27,4.4
2/28/14,15.4,3,24.1,9.9
3/1/14,15.4,3,28.9,5.2
3/2/14,30.1,28,30.9,6
3/3/14,18.7,10.9,32,8.8
3/4/14,13.9,-2,26.1,4.6
3/5/14,19,15.1,26.1,6.5
3/6/14,15.8,1,30.9,4.8
3/7/14,19.7,1,34,5
3/8/14,29.5,17.1,46,3.6
3/9/14,30.1,16,46.9,5.6
3/10/14,29,23,36,4
3/11/14,37.5,26.1,48,6.2
3/12/14,35,30,48,5.6
3/13/14,22.4,15.1,37.9,15.6
3/14/14,18.5,5,33.1,6.6
3/15/14,38.9,32,48,7.7
3/16/14,30.6,19.9,48,12.4
3/17/14,17,10,37,5.9
3/18/14,21.2,10,32,4.1
3/19/14,27.6,10,37,3.9
3/20/14,37.3,33.1,46,8.4
3/21/14,37.2,32,46.9,12.4
3/22/14,30.9,19.9,41,6.6
3/23/14,32.6,19.9,41,9.9
3/24/14,19.8,10.9,37.9,10
3/25/14,21.9,9,35.1,6.4
3/26/14,29.3,26.1,34,15.1
3/27/14,26.5,16,39,11.7
3/28/14,38.3,34,46.9,6.5
3/29/14,42.9,32,50,5.7
3/30/14,37.1,32,50,13
3/31/14,34.5,32,39,16.2
4/1/14,40.4,32,50,12.8
4/2/14,34.2,26.1,50,3.8
4/3/14,36.8,25,50,4.7
4/4/14,35.8,25,50,5.8
4/5/14,40.9,25,53.1,10.3
4/6/14,42.1,30.9,53.1,10.1
4/7/14,42.4,28,55,4.4
4/8/14,45.2,28,55,6.4
4/9/14,44.9,32,53.1,8.4
4/10/14,38.9,26.1,53.1,8.9
4/11/14,51.9,42.1,69.1,8.7
4/12/14,55.8,42.1,69.1,8.2
4/13/14,45.4,39,66,6.4
4/14/14,48.1,37,64.9,7.2
4/15/14,52.1,37,64.9,12.7
4/16/14,38.2,28,55,12.2
4/17/14,31.6,21.9,41,7
4/18/14,33.9,21.9,42.1,4.7
4/19/14,42.4,24.1,57.9,7.9
4/20/14,41.3,28,57.9,8.1
4/21/14,43.9,28,55,7.9
4/22/14,48.8,34,60.1,5
4/23/14,50,39,60.1,7
4/24/14,47,39.9,59,17.8
4/25/14,48.7,37.9,60.1,10.2
4/26/14,43.6,37.9,60.1,5.9
4/27/14,42.8,39,53.1,5
4/28/14,46.6,39,57,10.9
4/29/14,44.8,39.9,57,10.8
4/30/14,41.1,39,48.9,7.6
5/1/14,45.2,39,57,6.6
5/2/14,54.4,39.9,66,6.6
5/3/14,53.6,39.9,66,7.2
5/4/14,50.7,39.9,64.9,6.3
5/5/14,52.2,39.9,63,10.9
5/6/14,50.6,39.9,63,7.8
5/7/14,51.4,37,64.9,8.3
5/8/14,53.4,37,68,5.4
5/9/14,48.9,39.9,68,5.2
5/10/14,55.5,46,73.9,3.6
5/11/14,67.7,48,75.9,9.3
5/12/14,65.2,48.9,81,6.2
5/13/14,50.5,46,73.9,7.4
5/14/14,48.4,43,55,6.8
5/15/14,54.9,45,66.9,5.7
5/16/14,58,48,66.9,8.2
5/17/14,57.9,52,68,10.4
5/18/14,56.5,48.2,68,6.8
5/19/14,53.6,45,69.1,9.2
5/20/14,57.2,45,69.1,9.5
5/21/14,59.2,46,69.1,5.1
5/22/14,51.5,46.9,66,4.5
5/23/14,51,46.9,60.1,3.8
5/24/14,53.4,50,63,4
5/25/14,54.3,50,63,3.8
5/26/14,61.4,50,77,6.5
5/27/14,55,46,77,6.7
5/28/14,47.1,46,63,9.2
5/29/14,49.6,39,62.1,5.1
5/30/14,50.9,39,64,4.9
5/31/14,53.2,41,64,4.7
6/1/14,56.9,45,70,4.9
6/2/14,60.9,45,73.9,5.1
6/3/14,60.6,46,73.9,5.5
6/4/14,52.5,50,69.1,4
6/5/14,55.2,50,62.1,2.8
6/6/14,62.7,51.1,75,8.1
6/7/14,68.8,51.1,82.9,8.7
6/8/14,72.1,55,82.9,5.7
6/9/14,70.1,57.9,84,3.5
6/10/14,67.8,57.9,84,5.8
6/11/14,61.2,48.9,73,5.1
6/12/14,59.9,48.9,69.1,5.1
6/13/14,56.3,55,64,6.9
6/14/14,61.5,55,75,5
6/15/14,66.1,55.9,75.9,9.7
6/16/14,64.7,52,75.9,8
6/17/14,65.7,52,75.9,4.7
6/18/14,72.3,55,82,11
6/19/14,72.2,60.1,82,9.6
6/20/14,63.4,51.1,81,9.7
6/21/14,60,46.9,72,6.4
6/22/14,61.9,46.9,72,4.6
6/23/14,62.7,48.9,73.9,4.5
6/24/14,64.3,50,73.9,8.3
6/25/14,68.8,60.1,82,6.3
6/26/14,64.7,60.1,82,9.1
6/27/14,65.8,53.1,78.1,6.3
6/28/14,68.2,52,84.9,3.3
6/29/14,70.7,52,84.9,5.5
6/30/14,72.3,57,84,6.1
7/1/14,75.7,62.1,84,7.4
7/2/14,75.3,68,84,7.4
7/3/14,71.2,64.9,84,3.8
7/4/14,69.2,64.9,79,4.2
7/5/14,65.9,59,77,11.7
7/6/14,74.1,59,84.9,9.6
7/7/14,72.6,63,84.9,6.9
7/8/14,75.2,63,82.9,7.7
7/9/14,74.3,64,84.9,9
7/10/14,72,64,84.9,5.7
7/11/14,68,57,80.1,5.4
7/12/14,67.4,55.9,77,4.8
7/13/14,69.4,55.9,77,7.1
7/14/14,73,62.1,84,7.9
7/15/14,71.6,64,84,7.1
7/16/14,67.7,64,80.1,5.9
7/17/14,69.3,64,77,4.6
7/18/14,67.4,55,79,4.2
7/19/14,66.7,55,79,3.3
7/20/14,66.6,55.9,77,2.8
7/21/14,64.5,54,75.9,4.5
7/22/14,69.3,54,82,5.2
7/23/14,77.4,59,87.1,7.6
7/24/14,70.6,64.9,87.1,6
7/25/14,67.5,55,80.1,4.6
7/26/14,70.1,55,80.1,5.5
7/27/14,66.6,57,80.1,4.9
7/28/14,67.4,60.1,73,5.2
7/29/14,67.2,62.1,75,7.1
7/30/14,65,57.9,75,4.7
7/31/14,64.8,59,73.9,5.5
8/1/14,68.6,59,78.1,4.7
8/2/14,68.7,61,78.1,4.5
8/3/14,64.1,55.9,75.9,3
8/4/14,65.6,55.9,75.9,3.2
8/5/14,70,57.9,81,4.5
8/6/14,70.3,61,81,5
8/7/14,64.1,57,80.1,5.5
8/8/14,67.4,55,81,7.1
8/9/14,69.4,55,81,4.2
8/10/14,69.3,59,81,4.1
8/11/14,69,57,81,3.9
8/12/14,65.9,57,81,5.5
8/13/14,66,61,73,10.9
8/14/14,67.4,61,75,8.5
8/15/14,61.4,52,75,3.8
8/16/14,64.4,52,73.9,4.9
8/17/14,66.6,55,75,4
8/18/14,64.8,57,75,6.1
8/19/14,62.3,48.9,73.9,4.5
8/20/14,64.9,48.9,77,3.9
8/21/14,63.5,52,77,2.1
8/22/14,63,54,72,6.1
8/23/14,62.9,55,71.1,4.5
8/24/14,66,53.1,81,2.3
8/25/14,72.4,53.1,84.9,4.5
8/26/14,70,59,84.9,4.7
8/27/14,75.2,59,88,7.1
8/28/14,71.7,64,88,8.6
8/29/14,62.2,52,78.1,7.1
8/30/14,60.6,51.1,70,6.6
8/31/14,70.1,51.1,84.9,7
9/1/14,73.4,62.1,84.9,4
9/2/14,69.5,62.1,82.9,3.6
9/3/14,74.1,62.1,82,7.6
9/4/14,67.3,55.9,82,5.6
9/5/14,71,55.9,82.9,4.5
9/6/14,75.5,60.1,87.1,7.1
9/7/14,66.9,60.1,87.1,4.3
9/8/14,60.4,50,75,4
9/9/14,57.2,48.9,69.1,5.3
9/10/14,59.8,48.9,66.9,5.2
9/11/14,62.4,55,66.9,5.7
9/12/14,61.3,53.1,68,7.5
9/13/14,51.9,43,66.9,6.5
9/14/14,56.4,43,64,6.3
9/15/14,51.9,41,64,4.7
9/16/14,55.2,41,64,3.2
9/17/14,54.8,43,66,3.1
9/18/14,57,43,71.1,4
9/19/14,47.9,37,55.9,6.5
9/20/14,48.8,36,62.1,6
9/21/14,62.2,54,70,6.6
9/22/14,64.3,53.1,72,8.6
9/23/14,54.3,41,72,6.4
9/24/14,53.4,41,69.1,4.3
9/25/14,52.2,42.1,64,2.4
9/26/14,56.6,42.1,73,2.6
9/27/14,64,43,84,3.4
9/28/14,64.3,50,84,2.2
9/29/14,61.4,52,80.1,5.9
9/30/14,55.5,52,70,6.1
10/1/14,57.3,52,60.1,6.8
10/2/14,56,50,62.1,7.6
10/3/14,52,42.1,62.1,4.8
10/4/14,56.7,42.1,62.1,5.5
10/5/14,61.1,54,66,7.7
10/6/14,52.1,39,66,4.7
10/7/14,61.2,55,66,9.6
10/8/14,65.3,55.9,75,9.2
10/9/14,57.1,46.9,75,8.8
10/10/14,53.1,42.1,64,6.5
10/11/14,47.3,39,64,3.1
10/12/14,48.8,36,63,5.2
10/13/14,50.5,35.1,64.9,3.9
10/14/14,62.9,55,72,6.7
10/15/14,66.7,55,75.9,6
10/16/14,65.9,62.1,75.9,7.6
10/17/14,65,60.1,73,7.9
10/18/14,61.4,55,73,6.5
10/19/14,52,46.9,70,8
10/20/14,46.2,35.1,57,6.3
10/21/14,50.1,35.1,55.9,2.8
10/22/14,50.2,45,55,12.1
10/23/14,50.5,48,53.6,16.8
10/24/14,50.6,48,54,10.5
10/25/14,53.4,42.1,66,4.6
10/26/14,52.7,42.1,66,5.8
10/27/14,50.2,42.1,63,7.9
10/28/14,49.4,42.1,61,4.7
10/29/14,54.8,45,63,3.6
10/30/14,50,37.9,63,4.5
10/31/14,43.9,34,59,2.8
11/1/14,42.4,34,53.1,9.8
11/2/14,38.1,35.1,44.1,16.2
11/3/14,41.3,33.1,53.1,14.5
11/4/14,42.2,28.9,53.1,3
11/5/14,51.9,28.9,66,3.9
11/6/14,46.4,39.9,66,3.3
11/7/14,46.1,39.9,51.1,11
11/8/14,39.7,28.9,48,8.3
11/9/14,45.2,28.9,55,4
11/10/14,42,30,57,3.1
11/11/14,44,30,57,3.8
11/12/14,51.1,33.1,57,2.2
11/13/14,43.3,30,57,3.6
11/14/14,37.2,30,48.9,4.9
11/15/14,31.1,21.9,43,5.1
11/16/14,30.9,21,42.1,3.4
11/17/14,37.9,21,42.1,5.4
11/18/14,35.6,28.9,41,8.5
11/19/14,29.6,24.1,41,10.1
11/20/14,33.7,24.1,44.1,6.3
11/21/14,30.8,25,44.1,11.8
11/22/14,28.3,21,39,8.4
11/23/14,44.6,37,57,7.4
11/24/14,49.8,37.9,60.1,7.2
11/25/14,59.5,37.9,64,9
11/26/14,41.5,33.8,50,6.8
11/27/14,33.9,32,45,11.8
11/28/14,29.1,25,37.9,6.9
11/29/14,23.4,10.9,32,2.6
11/30/14,33.7,10.9,46,3
12/1/14,47.5,41,59,6.3
12/2/14,32.4,28,43,7.6
12/3/14,30,25,36,7
12/4/14,36.3,25,41,8.3
12/5/14,24.3,16,39.9,5.2
12/6/14,31.2,16,36,6.1
12/7/14,32.4,19.9,37.9,12.1
12/8/14,16.1,10.9,21.9,8.7
12/9/14,27,10.9,39,9.2
12/10/14,37.8,37,39.2,13.2
12/11/14,38.5,34,42.1,6.1
12/12/14,35.2,32,42.1,4.6
12/13/14,34.8,32,41,7.2
12/14/14,38.4,32,46,7.6
12/15/14,33.4,25,46,2.8
12/16/14,33.6,25,42.1,2.8
12/17/14,39,37,42.8,7
12/18/14,39.8,37,45,6.9
12/19/14,33.7,26.1,45,6.3
12/20/14,28.9,23,39,5.4
12/21/14,26.1,21,35.1,6.8
12/22/14,33.7,21,39.9,4.5
12/23/14,37.1,30.9,41,6.1
12/24/14,37.9,35.1,41,5.6
12/25/14,43.1,37,53.1,6.7
12/26/14,44.6,37.9,53.1,8.9
12/27/14,39.9,28,52,4.2
12/28/14,43.9,28,52,5.2
12/29/14,36.3,26.1,50,7.1
12/30/14,23.1,16,41,4
12/31/14,18.8,10.9,28,5.8
1/1/15,23,10.9,32,6.5
1/2/15,30.8,18,37.9,9.9
1/3/15,20.9,14,37.9,5.2
1/4/15,27.6,14,35.1,7.1
1/5/15,32.9,18,41,14.8
1/6/15,11.8,7,18,6.7
1/7/15,12.9,3,25,6
1/8/15,2.5,-9,25,6.8
1/9/15,21.2,12,28.9,9.4
1/10/15,19.2,10,28.9,7.5
1/11/15,16.2,7,26.1,5.1
1/12/15,27.3,24.1,33.8,2.7
1/13/15,21.2,10.9,33.1,8.6
1/14/15,8.6,-6,30.9,3.5
1/15/15,25.3,21.9,28.9,6.6
1/16/15,25.6,16,37.9,8.6
1/17/15,9.8,-0.9,18,6.4
1/18/15,25.4,12.9,46,2.9
1/19/15,43.7,37,48.9,11.8
1/20/15,32.7,27,48.9,10.9
1/21/15,22.8,12,36,3.1
1/22/15,27,12,37.9,3.4
1/23/15,25.9,17.1,37.9,4.7
1/24/15,28.9,17.1,35.1,6.1
1/25/15,31.1,19.9,37,10.6
1/26/15,13.4,3.9,19.9,5.7
1/27/15,14.4,3,19.9,19.3
1/28/15,19.1,10.9,26.1,15.6
1/29/15,14.9,-2.9,30,3.2
1/30/15,26.7,21,32,2.3
1/31/15,19.8,12.9,32,18.3
2/1/15,12.6,-0.9,26.1,6
2/2/15,6.2,-0.9,26.1,10
2/3/15,11.5,0,19.9,9.6
2/4/15,14.8,-2,33.1,2.9
2/5/15,28.1,12,34,9.4
2/6/15,6.9,-9,34,4.5
2/7/15,18.3,10.9,28,5.7
2/8/15,15.4,8.1,28,9
2/9/15,10.9,9,21.9,11.9
2/10/15,17.1,10,30,8.6
2/11/15,16.9,10.9,30,6.8
2/12/15,12.8,3,23,3.5
2/13/15,13.9,3,19.9,8
2/14/15,5.2,-8,17.1,3
2/15/15,15.1,-8,19,16.6
2/16/15,6.8,-2.9,21,14.8
2/17/15,9.7,-2.9,21,3.9
2/18/15,19.8,0,30,2.6
2/19/15,27.5,21.2,32,6.1
2/20/15,13.4,7,33.1,12.6
2/21/15,14.1,-0.9,28,6.4
2/22/15,31.1,24.1,34,4
2/23/15,21.7,5,35.1,9.8
2/24/15,2.2,-11,15.1,6
2/25/15,21.3,12.9,34,7
2/26/15,18.5,12.9,34,6.3
2/27/15,17.5,9,27,4.1
2/28/15,12.9,-7.1,27,4.2
3/1/15,16.5,-7.1,30,4.4
3/2/15,27.7,19.9,36,9.2
3/3/15,22.8,8.1,36,7.4
3/4/15,35.6,26.6,46,9.1
3/5/15,32.4,19.9,46,10.8
3/6/15,15.3,3,23,7
3/7/15,25,1.9,37.9,6.5
3/8/15,29.3,12,39.9,4.7
3/9/15,34.6,12,44.1,8.9
3/10/15,37.6,25,46.9,6
3/11/15,45.6,25,55.9,9.3
3/12/15,35.1,27,55.9,14.5
3/13/15,26.6,15.1,41,5.4
3/14/15,34.5,32,37,3.1
3/15/15,33.6,27,37.9,12.6
3/16/15,32.3,23,45,11.2
3/17/15,34.5,23,45,4.8
3/18/15,24,19,28.9,18.9
3/19/15,22.5,16,32,14.1
3/20/15,24.5,12.9,34,5.5
3/21/15,31.8,28.9,36,4.4
3/22/15,26.8,19,36,14.7
3/23/15,20.8,12.9,35.1,10.9
3/24/15,26.2,12.9,39,5.9
3/25/15,31.7,15.1,42.1,3.8
3/26/15,41.6,37,48,6.2
3/27/15,42.5,37,48.9,4.4
3/28/15,37.5,32,48.9,8.5
3/29/15,32.4,21.9,41,6.9
3/30/15,34.8,21.9,41,7.3
3/31/15,40.3,30,48,10.4
4/1/15,36.2,26.1,48,8.9
4/2/15,33.6,23,46,4.8
4/3/15,50.1,23,66,5.3
4/4/15,43.7,34,48.2,8.6
4/5/15,36.1,23,48.9,11.2
4/6/15,35.5,23,48,6.1
4/7/15,38.9,27,46.9,4.5
4/8/15,35.7,28,46.9,6.6
4/9/15,32.5,28,42.1,10.4
4/10/15,35.9,33.1,39.2,4.8
4/11/15,45,34,54,10.4
4/12/15,48.6,28.9,68,5.4
4/13/15,51.1,28.9,68,5.5
4/14/15,57,33.1,70,9.3
4/15/15,53.1,37.9,70,8.6
4/16/15,46.3,28,64.9,7.1
4/17/15,52.3,44.1,66,8
4/18/15,51,39.9,66.9,6.2
4/19/15,46.3,36,57,7.6
4/20/15,41.9,36,57,7.2
4/21/15,50.6,36,63,8.3
4/22/15,49.1,35.1,63,7.3
4/23/15,47.5,35.1,60.1,10
4/24/15,43.2,35.1,54,9
4/25/15,42.8,32,55,8.7
4/26/15,47.4,32,55.9,5.3
4/27/15,50.8,39,57.9,9
4/28/15,51.6,43,63,15.8
4/29/15,53.6,44.1,63,6.8
4/30/15,51,41,60.1,4.9
5/1/15,48.1,41,60.1,5.2
5/2/15,45.2,37.9,55,4.7
5/3/15,49.3,37.9,62.1,5
5/4/15,57,39.9,75.9,4.8
5/5/15,69,63,75,8.6
5/6/15,60,42.1,75,5.8
5/7/15,64.6,42.1,84,6.3
5/8/15,54.4,45,84,9
5/9/15,49.5,44.1,59,6.4
5/10/15,65.5,44.1,82.9,5.9
5/11/15,62.3,50,82.9,6.7
5/12/15,57.1,46.9,82,5.6
5/13/15,61.6,46.9,82,13
5/14/15,54.6,39.9,68,7.8
5/15/15,56.4,39.9,70,5.7
5/16/15,54.9,43,70,3.5
5/17/15,58,48,73.9,4.6
5/18/15,53.3,48,73.9,7.2
5/19/15,54.5,48,64.9,6.2
5/20/15,61.4,48.9,66.9,9.7
5/21/15,55,39,69.1,7.5
5/22/15,58.2,39,69.1,5.7
5/23/15,52.6,39,66.9,11.2
5/24/15,64.3,39,82.9,9.6
5/25/15,70.7,50,84,6.2
5/26/15,69.5,55,91,6.9
5/27/15,72.5,57.9,91,7.1
5/28/15,70.9,63,80.1,6.6
5/29/15,68.7,60.8,75.9,6.1
5/30/15,65,54,84,6.8
5/31/15,64.2,51.1,84,7.6
6/1/15,50.1,48,52,8.9
6/2/15,47,44.6,50,8
6/3/15,51.1,45,61,3.3
6/4/15,52.2,45,61,3.5
6/5/15,51,43,60.1,4.8
6/6/15,59.4,43,73,6.1
6/7/15,58.5,43,73,6.4
6/8/15,57.3,43,66.9,10.5
6/9/15,61.8,53.1,68,9
6/10/15,68.8,57.9,91,8.5
6/11/15,71.8,60.1,91,9.1
6/12/15,71.1,60.1,86,5.3
6/13/15,69.1,59,84.9,7.2
6/14/15,67.9,55.9,84.9,5.7
6/15/15,57.8,55,62.1,4.9
6/16/15,57.4,53.6,61,2.8
6/17/15,64.5,55.9,75,5.7
6/18/15,61.2,50,75,5
6/19/15,67,50,80.1,7.6
6/20/15,61.8,48.9,80.1,6.8
6/21/15,62.1,48.9,72,5.7
6/22/15,64.6,57.9,72,4.6
6/23/15,61.6,57.9,72,4.5
6/24/15,69.7,55.9,82,5.2
6/25/15,67.9,55.9,82,5.4
6/26/15,63.5,55.9,78.1,4.2
6/27/15,60.2,48.9,70,3.6
6/28/15,57.1,48.9,70,10.2
6/29/15,58.1,51.1,69.1,6.2
6/30/15,67.3,51.1,75,3.6
7/1/15,63.4,60.1,75,4
7/2/15,68.8,60.1,78.1,8.3
7/3/15,67.6,54,80.1,4.7
7/4/15,63.4,53.1,80.1,2.7
7/5/15,67.7,53.1,82,3.6
7/6/15,71.3,55,82,4
7/7/15,68.3,57.9,82,5.4
7/8/15,74.2,57.9,84,6.3
7/9/15,65.7,57.9,84,4.4
7/10/15,70.3,57.9,84,5.9
7/11/15,72.8,60.1,87.1,7.6
7/12/15,77.1,60.1,90,4.9
7/13/15,73.8,64,90,4.7
7/14/15,66.7,60.1,78.1,3.7
7/15/15,71,60.1,82,5.7
7/16/15,65,55,82,8.2
7/17/15,64,51.1,75.9,3.8
7/18/15,65.2,51.1,73.9,5.9
7/19/15,70.3,63,81,3.2
7/20/15,71.4,62.1,84,4.9
7/21/15,65.3,60.8,72,3.9
7/22/15,68.8,57,82,6.7
7/23/15,67.5,57,82,3.9
7/24/15,66.5,55,78.1,5.2
7/25/15,62.3,55,75.9,5.7
7/26/15,62.2,59,66.9,4.6
7/27/15,67.6,59,77,3.8
7/28/15,70.5,62.1,82.9,3.7
7/29/15,74.7,62.1,88,4.3
7/30/15,74.3,63,88,3.3
7/31/15,76.6,66,86,8.2
8/1/15,73.9,60.1,86,5.8
8/2/15,71.5,60.1,86,6.3
8/3/15,72.1,61,81,7.7
8/4/15,69.8,61,81,4.8
8/5/15,69,57,82,6.6
8/6/15,68.7,55.9,82,7
8/7/15,65.9,53.1,80.1,4.6
8/8/15,66.8,53.1,80.1,2.8
8/9/15,66.9,54,80.1,4.9
8/10/15,66.9,57,77,4.6
8/11/15,65.8,57,77,9.4
8/12/15,69.1,64,80.1,5.4
8/13/15,68.3,57.9,80.1,4.2
8/14/15,68.6,55.9,80.1,6
8/15/15,72.7,55.9,84.9,3.9
8/16/15,74.4,61,84.9,2.8
8/17/15,76.2,64.9,89.1,4
8/18/15,75.9,64.9,89.1,3.8
8/19/15,74.5,66,86,4.6
8/20/15,70.5,66.2,73.9,6.4
8/21/15,69.4,66.2,72,4.6
8/22/15,71.4,66.9,78.1,5.5
8/23/15,67.7,64,78.1,4.1
8/24/15,70,64.9,79,3.1
8/25/15,68.9,66,79,4.7
8/26/15,71.7,66.9,80.1,5
8/27/15,70.1,61,80.1,5.7
8/28/15,66.1,55,79,5.3
8/29/15,65.8,55,77,4
8/30/15,70,55,81,3
8/31/15,72.9,60.1,86,5.7
9/1/15,70.8,61,86,5.4
9/2/15,69.5,57,84,3
9/3/15,73.5,57,86,3.1
9/4/15,67.8,60.1,86,6.2
9/5/15,62.8,48.9,78.1,3.9
9/6/15,67,48.9,82,3.7
9/7/15,75.3,54,91.9,6.4
9/8/15,79.8,60.1,91.9,4.8
9/9/15,74.3,64.9,89.1,5.6
9/10/15,72.9,64.9,86,5.3
9/11/15,65.4,60.1,78.1,9.7
9/12/15,62.4,51.1,73.9,4.2
9/13/15,60.7,51.1,73.9,6.8
9/14/15,63.6,57,73,8.1
9/15/15,68.7,57,82.9,6.8
9/16/15,70.5,57,84.9,5.3
9/17/15,70.4,59,84.9,3.2
9/18/15,69.2,57.9,82.9,3.2
9/19/15,66.6,57,82.9,5.5
9/20/15,66.6,57,75,8.6
9/21/15,57,44.1,72,4.8
9/22/15,56.1,44.1,69.1,3
9/23/15,58.7,45,73.9,2.6
9/24/15,62,45,73.9,4.4
9/25/15,55.7,50,73.9,4.3
9/26/15,53.1,42.1,63,4.4
9/27/15,50.9,35.1,66.9,4.3
9/28/15,60.3,35.1,73.9,6
9/29/15,66.6,62.6,73,5.7
9/30/15,64.2,57.2,69.8,9.1
10/1/15,56.3,50,69.1,12
10/2/15,51.6,46.9,70,10.8
10/3/15,50.6,45,57.9,11.9
10/4/15,48.3,39.9,57.9,7.5
10/5/15,47.8,35.1,61,3.3
10/6/15,53.1,35.1,69.1,2.8
10/7/15,52.9,39.9,69.1,3.6
10/8/15,52.7,41,66.9,4.8
10/9/15,48.6,39,63,3.4
10/10/15,50,39,59,8.2
10/11/15,52.9,39.9,68,6.2
10/12/15,58.1,44.1,70,4.3
10/13/15,57.3,44.1,70,3
10/14/15,59.9,48.9,68,8.2
10/15/15,48,35.1,68,5
10/16/15,51.6,35.1,61,7.4
10/17/15,44,34,61,6.5
10/18/15,36.6,27,57,8.7
10/19/15,34.6,23,48,5.3
10/20/15,48.5,39.9,64.9,7.7
10/21/15,52.6,39.9,66,5.9
10/22/15,55.3,48,64.9,4.9
10/23/15,48.6,39,64.9,9.4
10/24/15,39.2,28.9,54,3.6
10/25/15,51.7,44.1,62.1,6.4
10/26/15,46.8,35.1,62.1,5.8
10/27/15,39.4,28,54,2.7
10/28/15,40.2,28,52,5.3
10/29/15,61.1,50,72,12.4
10/30/15,51.8,39,73,10.6
10/31/15,38.8,28,50,4
11/1/15,49.3,45,57.9,4.3
11/2/15,53.5,44.1,64,6.7
11/3/15,47.8,35.1,64,2.5
11/4/15,48.9,35.1,64,2.8
11/5/15,49.9,35.1,68,2
11/6/15,56,39,68,3.5
11/7/15,60.1,48,69.1,10.4
11/8/15,46.1,37,64.9,8.5
11/9/15,42,27,57.9,3.5
11/10/15,40.9,27,57.9,2.5
11/11/15,44.8,28.9,53.1,9.4
11/12/15,44,39,48.9,5.1
11/13/15,52.3,39,60.1,10.9
11/14/15,43.8,35.1,60.1,13.3
11/15/15,37.4,26.1,53.1,5.6
11/16/15,39.5,26.1,54,4.6
11/17/15,36.6,28,54,6.9
11/18/15,33.2,19.9,46.9,2.7
11/19/15,41.1,19.9,51.1,3.9
11/20/15,53.6,46,59,9.8
11/21/15,38.6,28,59,3.7
11/22/15,35.4,28,46,3.1
11/23/15,37.7,28,42.1,11.8
11/24/15,28.9,18,42.1,4.2
11/25/15,32.4,18,42.1,2.6
11/26/15,37.2,25,51.8,4.4
11/27/15,51.9,46.4,60.1,8
11/28/15,48.3,39,61,6.7
11/29/15,32.6,24.1,41,4.3
11/30/15,27.4,19,41,5.4
12/1/15,28.8,19,37.9,2
12/2/15,39,35.1,44.6,3.3
12/3/15,41.9,36,45,6.3
12/4/15,37.4,26.1,46.9,4.7
12/5/15,36.3,25,51.1,2.3
12/6/15,35.6,24.1,51.1,1.9
12/7/15,37.5,24.1,57,2.8
12/8/15,35.8,32,41,6.4
12/9/15,34.7,30.9,39,3.6
12/10/15,46.4,32,53.1,5.9
12/11/15,44.1,37.9,53.1,2.4
12/12/15,44.5,33.8,57,3
12/13/15,40.9,34,57,2
12/14/15,43.1,36,46.9,2.8
12/15/15,46.3,39.9,55.9,7.6
12/16/15,36,28.9,55.9,6.3
12/17/15,38.1,27,48.9,3.6
12/18/15,44.5,28.9,50,4.1
12/19/15,35.4,28.9,46,9.3
12/20/15,32.2,28,39.9,9.6
12/21/15,34.2,26.1,44.1,3.6
12/22/15,43,26.1,48.9,3.9
12/23/15,37,30,48.9,3.1
12/24/15,46.5,30,48,6.6
12/25/15,48.8,35.1,62.1,4.1
12/26/15,44.6,30.9,62.1,4.8
12/27/15,40.2,30.9,51.1,4
12/28/15,28.6,21.9,43,10.8
12/29/15,20,17.1,34,9.2
12/30/15,20.6,17.6,26.1,7.4
12/31/15,27.4,26.1,30,3.1
1/1/16,35.7,28,44.1,6.3
1/2/16,33,28.9,41,8.1
1/3/16,34.6,28.9,39.9,7.5
1/4/16,25.5,15.1,39.9,9.1
1/5/16,13.3,3.9,30.9,8.5
1/6/16,23.5,3.9,41,3.7
1/7/16,27.6,12,41,2.8
1/8/16,27.1,12,39,4.2
1/9/16,33.9,17.1,39,6.2
1/10/16,40.4,30,52,9.3
1/11/16,38.5,27,52,13.4
1/12/16,25.2,19,30.9,5.8
1/13/16,25.9,19,37,12.8
1/14/16,19.9,15.1,28,7.3
1/15/16,22,12.9,30.2,3.2
1/16/16,28.2,26.1,30.9,7.5
1/17/16,29.4,25,32,3.3
1/18/16,25,21,32,6.7
1/19/16,16.3,12,27,12.5
1/20/16,20.1,12,28,10.6
1/21/16,18.1,1.9,28,6.3
1/22/16,17.1,1,30,7.3
1/23/16,18.1,1,30,8
1/24/16,21.8,14,35.1,10.9
1/25/16,27.8,15.1,35.1,3.6
1/26/16,35.6,17.1,46.9,5.7
1/27/16,41.6,28,46.9,8
1/28/16,27.7,16,46,4.6
1/29/16,32.8,16,37,3
1/30/16,33.8,26.1,39.9,5.1
1/31/16,39.5,26.1,51.1,5.8
2/1/16,44.9,34,59,7
2/2/16,37.3,25,59,3.5
2/3/16,36.8,25,48,6.9
2/4/16,45.5,30.9,55,5.7
2/5/16,35.3,27,55,8.1
2/6/16,24.3,10.9,42.1,6.4
2/7/16,32.8,10.9,44.1,6.3
2/8/16,22.3,15.8,35.1,13.3
2/9/16,20.7,16,28,7.4
2/10/16,23.8,12.9,34,2.8
2/11/16,25.9,12.9,34,5
2/12/16,10.1,-2,30,7
2/13/16,12.8,-2,21.9,8
2/14/16,-0.7,-9.9,21.9,11.3
2/15/16,4.9,-9.9,21.9,4.5
2/16/16,29.8,19,50,7.6
2/17/16,40.8,19,50,8.5
2/18/16,30.5,27,46.9,8.6
2/19/16,25.2,14,35.1,6.5
2/20/16,40.1,14,53.1,9.9
2/21/16,46,28.9,53.1,8.3
2/22/16,32.1,24.1,52,5.5
2/23/16,25,16,37.9,7.1
2/24/16,32.2,16,35.1,7.4
2/25/16,44.9,28.9,53.1,10.5
2/26/16,36.6,25,53.1,13.3
2/27/16,22.5,12.9,41,7.3
2/28/16,39.7,33.1,50,9.1
2/29/16,40,25,59,4.8
3/1/16,35.9,25,59,8.4
3/2/16,38.1,27,48.9,11.1
3/3/16,21.3,12.9,28.9,10.6
3/4/16,19.9,12.9,28.9,7.5
3/5/16,26.2,14,36,9.6
3/6/16,30.8,19,39,3.7
3/7/16,32.4,24.1,39.9,5.3
3/8/16,35.8,25,48,4.2
3/9/16,47.7,25,66,5.8
3/10/16,57.2,39.9,66,5.7
3/11/16,44.2,39.9,66,5.9
3/12/16,39,27,55,7.8
3/13/16,50,44.1,59,9.8
3/14/16,37.8,30,60.1,9.3
3/15/16,39.3,30,42.1,11.2
3/16/16,44.3,37.9,53.1,9.8
3/17/16,46.8,39,55,5.4
3/18/16,43.9,35.1,55,8.3
3/19/16,32.3,23,52,7.6
3/20/16,28.1,19.9,42.1,6.7
3/21/16,30.8,19.9,39.9,6.4
3/22/16,35.2,28,45,11
3/23/16,43.8,39.9,52,6.5
3/24/16,33.5,28,52,9.4
3/25/16,29.9,26.1,37,6.7
3/26/16,36,26.1,42.1,6.2
3/27/16,36.3,32,43,3.7
3/28/16,37.6,30.9,43,4.8
3/29/16,42,33.1,46.9,13.5
3/30/16,38.5,24.1,48.9,6.9
3/31/16,52.2,44.1,72,9
4/1/16,55.7,44.1,72,9.7
4/2/16,49.7,44.1,64,6.2
4/3/16,35,25,53.1,12
4/4/16,22.1,17.1,37.9,5.3
4/5/16,26.9,17.1,37,8.9
4/6/16,29.4,17.1,37.9,5.8
4/7/16,43.7,33.1,50,11.6
4/8/16,48,39.9,55,11.3
4/9/16,37.4,26.1,55,7.4
4/10/16,36,26.1,46.9,11.1
4/11/16,40.9,27,50,6.7
4/12/16,48.8,32,52,7.5
4/13/16,41.3,28,54,5.5
4/14/16,43.3,28,55.9,8.1
4/15/16,45.1,35.1,59,9.8
4/16/16,47,35.1,60.1,8.9
4/17/16,44.9,30,60.1,4
4/18/16,49.4,30,64.9,4.6
4/19/16,46.4,36,64.9,4.6
4/20/16,48.2,37,59,9.5
4/21/16,50.5,32,68,5.3
4/22/16,54.9,32,68,2.4
4/23/16,55.9,44.1,68,7.1
4/24/16,47.3,34,64,10.1
4/25/16,45.8,28,62.1,6.2
4/26/16,39.2,28.2,62.1,7.2
4/27/16,40.3,27,62.1,5.7
4/28/16,41.8,27,55.9,5.9
4/29/16,40.3,28.9,48.9,6.7
4/30/16,44.1,30,55,4.7
5/1/16,45.1,30,55,4.4
5/2/16,44.4,37.9,52,6.9
5/3/16,46,41,52,4.3
5/4/16,45.1,39.9,52,4.9
5/5/16,44.9,39.9,50,9.9
5/6/16,50.8,43,61,8.5
5/7/16,47.5,45,61,5.8
5/8/16,47.7,44.6,55,6.3
5/9/16,47.5,37.9,57,10.9
5/10/16,51.8,35.1,66.9,5.4
5/11/16,56.7,35.1,73,6.4
5/12/16,58,39.9,73,6.1
5/13/16,54.5,41,69.1,4.8
5/14/16,61.1,46,73.9,6
5/15/16,55.3,48,73.9,9.5
5/16/16,45.7,39.9,57.9,16.2
5/17/16,54.3,39.9,69.1,9.5
5/18/16,55.2,39.9,69.1,6.4
5/19/16,54.2,44.1,66,3.9
5/20/16,59.5,44.1,73.9,5.5
5/21/16,62.6,46,75.9,6.8
5/22/16,58.8,48.9,75.9,4.8
5/23/16,60.8,46,75.9,4.8
5/24/16,54.5,51.8,59,5.9
5/25/16,55.8,51.1,64.9,3.9
5/26/16,64.5,51.1,79,5.2
5/27/16,56.6,53.1,62.1,6.7
5/28/16,65.8,51.8,86,3.1
5/29/16,57,51.1,70,9.2
5/30/16,56,51.1,68,3.7
5/31/16,72.9,51.1,87.1,6.3
6/1/16,67,55.9,87.1,6.4
6/2/16,57.5,51.1,75,5.9
6/3/16,56.7,51.1,63,5.1
6/4/16,61.4,54,73,4.3
6/5/16,56.9,55,73,5.1
6/6/16,63.5,55,82,6.8
6/7/16,64.9,53.1,82,3
6/8/16,65.3,53.1,73.9,8.8
6/9/16,57.8,50,73.9,13.8
6/10/16,59,50,70,8.2
6/11/16,56.9,46,70,4.1
6/12/16,60.5,46,75,7.7
6/13/16,59.4,51.1,75,11.5
6/14/16,62.8,52,75,13.9
6/15/16,70.1,55,81,9.4
6/16/16,66.6,50,82,3.9
6/17/16,63.6,48.9,82,4.8
6/18/16,63,48.9,75,5
6/19/16,62.6,52,73,7.1
6/20/16,65.4,53.1,73.9,8.4
6/21/16,72.3,57.9,84.9,9.5
6/22/16,65.1,53.1,84.9,5
6/23/16,64.1,50,75.9,5.6
6/24/16,65.5,50,75.9,5.3
6/25/16,64.6,50,77,4.5
6/26/16,65.5,50,77,4.3
6/27/16,68.3,52,82,6.5
6/28/16,67.8,57,82,8.3
6/29/16,66.6,63,72,5.3
6/30/16,69.4,57.9,82,5.4
7/1/16,68.7,57.9,82,4.9
7/2/16,69.3,57.9,79,10.2
7/3/16,68.1,54,82,8.2
7/4/16,72.4,54,86,6.6
7/5/16,71,57,86,5.2
7/6/16,73.8,60.1,88,3.9
7/7/16,64.9,60.1,88,7.1
7/8/16,63.4,60.1,69.1,6.6
7/9/16,58.3,57,69.1,7.7
7/10/16,58.6,55.9,63,6
7/11/16,67.6,55.9,81,5.2
7/12/16,71.2,57,86,4.3
7/13/16,71.8,57,86,4.6
7/14/16,72.8,59,82,8.3
7/15/16,78.6,66.9,91,7.5
7/16/16,77.9,69.1,91,6.8
7/17/16,71.8,66.9,87.1,4.2
7/18/16,72,64,84.9,4.3
7/19/16,72.4,63,84.9,7.7
7/20/16,69.1,55,82,8.6
7/21/16,71.1,55,84,5
7/22/16,78.4,55,95,7.7
7/23/16,76.4,66,95,4.2
7/24/16,72.9,64,89.1,6.6
7/25/16,72,61,84,3.5
7/26/16,77.2,61,90,5.4
7/27/16,75.9,64,90,6.1
7/28/16,75.2,64,87.1,3.8
7/29/16,74.4,64,87.1,4.1
7/30/16,73.1,64,84,4.5
7/31/16,68.8,64,84,3.3
8/1/16,68,64.9,71.1,2.5
8/2/16,69.5,62.1,77,3.9
8/3/16,69.1,55,84,3.9
8/4/16,71.3,55,84,6.1
8/5/16,71.6,59,82.9,7.4
8/6/16,77,62.1,93.9,8.8
8/7/16,76,62.1,93.9,7.4
8/8/16,72.9,55.9,87.1,8.1
8/9/16,68.3,55,87.1,4.3
8/10/16,65.3,55,79,3.2
8/11/16,76.3,57,90,3.4
8/12/16,81,66,99,5.9
8/13/16,65.9,63,69.1,6.6
8/14/16,73.8,62.1,93.9,6.1
8/15/16,78.8,63,93.9,5.8
8/16/16,70,60.1,86,4.2
8/17/16,75.2,60.1,84,9.4
8/18/16,73,59,88,4.9
8/19/16,74.8,59,88,5.3
8/20/16,69.5,59,86,5.1
8/21/16,70.2,59,78.1,6.5
8/22/16,70.8,62.1,78.1,8.2
8/23/16,66.8,53.1,80.1,6.2
8/24/16,71,53.1,86,5.2
8/25/16,73.2,57.9,86,6.1
8/26/16,75.9,66,88,5.3
8/27/16,74.4,62.1,88,5.5
8/28/16,69.3,59,87.1,4.5
8/29/16,74,59,86,9.1
8/30/16,68.1,54,86,6.2
8/31/16,69.4,54,82,3.8
9/1/16,71.7,60.1,82,3.5
9/2/16,69,54,81,6.8
9/3/16,64.3,53.1,77,3.7
9/4/16,62.8,51.1,77,3.2
9/5/16,61.7,51.1,75,3.9
9/6/16,65.6,51.1,73.9,6.4
9/7/16,65.8,62.1,71.1,3.9
9/8/16,68.5,63,75.9,4
9/9/16,74.9,64.9,91,3
9/10/16,69.6,57.9,91,3.4
9/11/16,70.5,57.9,81,7.9
9/12/16,60.8,46,73.9,4.2
9/13/16,63.8,44.1,80.1,4.6
9/14/16,70.2,48,86,8.2
9/15/16,60.1,51.1,68,7.1
9/16/16,56.9,44.1,70,5.6
9/17/16,61.7,44.1,70,7.3
9/18/16,67.4,53.1,77,6.4
9/19/16,68.6,63,77,2.2
9/20/16,67.7,64,75.9,3.5
9/21/16,71,59,82.9,5.1
9/22/16,67.8,55.9,82.9,4.7
9/23/16,65.4,55.9,80.1,5.8
9/24/16,56.1,43,73.9,7.3
9/25/16,53.6,42.1,66.9,9.6
9/26/16,51.4,39,64.9,5.9
9/27/16,59.7,39,71.1,4
9/28/16,56.5,53.1,71.1,7.3
9/29/16,55.2,45,64,7.8
9/30/16,51.3,44.1,64,5.5
10/1/16,54.2,44.1,60.1,5.7
10/2/16,52.6,48.9,59,4.6
10/3/16,58.4,48.9,70,5.6
10/4/16,55.2,48,70,7.3
10/5/16,50,36,63,2.8
10/6/16,52.8,36,71.1,3.1
10/7/16,57.8,39,73.9,3.2
10/8/16,55.6,44.1,73.9,3.1
10/9/16,55.2,46.9,64.9,6.1
10/10/16,50,45,61,12.4
10/11/16,47.2,33.1,63,4.7
10/12/16,50.1,33.1,63,3.7
10/13/16,54.9,44.1,64.4,4.1
10/14/16,50.6,39,64,8.9
10/15/16,42.4,30,57.9,3.6
10/16/16,48.4,30,66,3.3
10/17/16,61.8,50,73,5
10/18/16,54,50,55.9,5.4
10/19/16,63.7,50,78.1,5.4
10/20/16,52.8,41,59,4.6
10/21/16,58.1,39.9,64.9,5.7
10/22/16,61,51.1,64.9,5.4
10/23/16,46,41,64,14.9
10/24/16,47.3,41,57,8.7
10/25/16,42.3,32,57,10.2
10/26/16,39.3,30.9,48.9,8.4
10/27/16,39,30,48.9,5.7
10/28/16,45.8,30,50,13.8
10/29/16,41.6,37,50,5.9
10/30/16,47.7,37,57,4.8
10/31/16,43.2,35.1,57,7.6
11/1/16,36.7,26.1,50,4.6
11/2/16,49.1,26.1,61,2.4
11/3/16,47.5,41,61,3.5
11/4/16,46.9,37.9,55,7.8
11/5/16,37.5,25,55,3.6
11/6/16,43.8,25,52,5.7
11/7/16,39.9,30.9,48.9,6.8
11/8/16,41.3,28,61,2.6
11/9/16,46.3,28,61,4.2
11/10/16,40.1,26.1,61,5.3
11/11/16,45.9,26.1,55,12.6
11/12/16,38.5,27,55,9.4
11/13/16,47.1,27,57.9,5.9
11/14/16,45,30,62.1,2.3
11/15/16,44.3,30,62.1,5
11/16/16,52.6,48,55.4,7.7
11/17/16,50.8,44.1,60.1,6
11/18/16,48.4,37.9,63,6.9
11/19/16,47.6,37.9,63,5.2
11/20/16,46.1,39.2,50,7
11/21/16,33.5,30.9,50,10.7
11/22/16,33.4,28,41,9.7
11/23/16,34.5,27,44.1,10.2
11/24/16,32.1,27,44.1,4.6
11/25/16,35.2,27,37.9,4.8
11/26/16,37.8,33.1,46.9,3.6
11/27/16,38.9,33.1,46.9,7.7
11/28/16,33.6,27,43,6.2
11/29/16,32.8,23,50,2.9
11/30/16,39.8,23,50,5.6
12/1/16,45.5,34,52,10.5
12/2/16,43,33.1,52,8.4
12/3/16,39.3,33.1,50,9.4
12/4/16,35.2,30,46,8.7
12/5/16,26.8,19.9,41,4.1
12/6/16,28.1,16,39,3.2
12/7/16,30.4,16,39,4
12/8/16,33.5,26.1,42.1,3.5
12/9/16,30.5,25,42.1,9.8
12/10/16,21,12.9,33.1,7.9
12/11/16,18,8.1,30.9,3.3
12/12/16,27.6,8.1,33.1,4.1
12/13/16,29.2,21,36,3.2
12/14/16,33.1,23,39,5.9
12/15/16,21.8,12.9,39,9
12/16/16,4.1,-2.9,26.1,11.8
12/17/16,11.7,-2.9,19,3.9
12/18/16,30.7,3,48.9,4.9
12/19/16,21.7,12,48.9,7.5
12/20/16,12.9,1.9,28.9,3.6
12/21/16,31.3,24.1,41,7.9
12/22/16,31.9,23,41,4.6
12/23/16,32.8,24.1,41,5.7
12/24/16,35.3,24.1,41,6.7
12/25/16,34.8,27,39.9,8.5
12/26/16,21.2,14,39.9,4.1
12/27/16,42.9,14,53.1,9.1
12/28/16,34.9,30,53.1,5.1
12/29/16,26.5,23,39,6.1
12/30/16,33.8,23,39,11.5
12/31/16,24.7,12,37,6.9
1/1/17,36.2,32,41,8.3
1/2/17,27.7,16,41,2
1/3/17,32.2,16,39.9,6.2
1/4/17,37.2,26.1,45,10
1/5/17,30.8,25,45,12.3
1/6/17,25.9,24.1,33.1,6.1
1/7/17,17.8,10.9,30,4.6
1/8/17,15.4,9,21,9.6
1/9/17,10.8,1,21,4.5
1/10/17,15.7,7,28.4,2.7
1/11/17,45.5,27,54,12.3
1/12/17,44.8,35.1,54,4.3
1/13/17,43.2,26.1,52,9.5
1/14/17,18.3,10,26.1,5.7
1/15/17,24.7,10,34,4.6
1/16/17,24.6,12.9,39,4.6
1/17/17,30.8,12.9,39.9,3.9
1/18/17,29.7,19,39.9,8
1/19/17,29.8,24.8,39.9,3.5
1/20/17,33.8,21.9,39.9,2.8
1/21/17,38,21.9,45,1.6
1/22/17,36.8,35.1,45,4.5
1/23/17,32.1,30,37.9,12.3
1/24/17,30.7,28.4,33.1,14.7
1/25/17,36,28.9,42.1,9.6
1/26/17,36.7,28,46.9,3.9
1/27/17,38.1,31.1,46.9,12.4
1/28/17,35,32,43,10.9
1/29/17,32.8,28,42.1,7.4
1/30/17,28.5,19,42.1,5.1
1/31/17,20.5,12,35.1,4.2
2/1/17,24.2,12,34,4.3
2/2/17,29.2,19.9,37.9,6.8
2/3/17,24.7,15.1,37.9,6.5
2/4/17,22.3,14,33.1,7.6
2/5/17,28.3,14,39,6.9
2/6/17,30,21.9,39,10
2/7/17,20.5,17.1,33.1,8.4
2/8/17,26.6,15.1,50,8.6
2/9/17,25.6,14,50,9.6
2/10/17,10.3,3,15.1,11.7
2/11/17,9.9,3,14,6.8
2/12/17,17,7,23,10
2/13/17,23.1,15.1,27,14.8
2/14/17,22.8,10,30,6.4
2/15/17,25,10,39,3.7
2/16/17,29.6,16,39,9.8
2/17/17,26.1,12,37.9,7.1
2/18/17,28.4,12,41,4.1
2/19/17,42.6,30.9,54,6.1
2/20/17,38.3,28,55,10.1
2/21/17,28.8,15.1,42.1,4.8
2/22/17,38.7,34,48,3.6
2/23/17,36.4,26.1,50,2.4
2/24/17,46.4,26.1,53.1,3.8
2/25/17,43.1,35.1,53.1,4.4
2/26/17,40.6,32,50,10.8
2/27/17,35.5,25,52,8.4
2/28/17,40,25,52,4.2
3/1/17,43,37.9,48.2,4.3
3/2/17,43,28.9,54,11
3/3/17,24.6,16,32,9.2
3/4/17,14.1,7,33.1,13.9
3/5/17,16,7,30.9,15.8
3/6/17,22.3,5,39.9,6.3
3/7/17,33.3,26.1,39.2,4.1
3/8/17,42.6,25,54,5.3
3/9/17,39.7,32,54,11.7
3/10/17,28.7,24.1,43,5.2
3/11/17,12.2,3,30.9,14.5
3/12/17,10.7,1,25,8.3
3/13/17,17.3,1,32,6.2
3/14/17,25,6.1,32,11
3/15/17,26.6,19.9,30.9,12.1
3/16/17,24,19,30.9,10.2
3/17/17,23.1,9,36,4.5
3/18/17,25.2,9,36,4.3
3/19/17,31,10.9,39.9,7
3/20/17,38.1,26.1,50,9.8
3/21/17,38.8,30,50,5.1
3/22/17,29.7,17.1,46.9,10.4
3/23/17,21.8,14,34,13.1
3/24/17,28.9,14,36,5.1
3/25/17,36.5,21.9,42.1,4.9
3/26/17,31.6,21.9,42.1,6
3/27/17,34.8,21.9,37,7.3
3/28/17,34.2,32,37,4.2
3/29/17,38.2,32,46,7.7
3/30/17,39.7,32,48.9,11.4
3/31/17,35.5,30.9,48.9,5.1
4/1/17,32.5,30.9,37.9,10.1
4/2/17,37.1,30.9,50,7.9
4/3/17,39,26.1,52,5.1
4/4/17,37.1,26.1,52,7.4
4/5/17,37.1,33.8,42.1,8.7
4/6/17,37.5,34,43,8.5
4/7/17,44,36,51.1,8.1
4/8/17,42.2,37,51.1,9.6
4/9/17,43,28.9,59,6.3
4/10/17,48.5,28.9,66,4.7
4/11/17,57.8,33.1,75.9,4.1
4/12/17,51.4,46,59,4.4
4/13/17,47.8,37,60.1,8
4/14/17,46.8,32,61,6.6
4/15/17,47.7,30,63,6.4
4/16/17,64.6,48,84.9,7.7
4/17/17,66.8,46.9,86,10.7
4/18/17,44.8,39,69.1,8.1
4/19/17,38.3,30,48.9,5.8
4/20/17,45.3,30,54,7.4
4/21/17,42,39,54,11.4
4/22/17,39.4,37.4,41,8.3
4/23/17,44.5,34,60.1,7.1
4/24/17,49.2,34,62.1,5.5
4/25/17,44.4,42.1,46.9,8.5
4/26/17,48,41,54,7.1
4/27/17,51.6,45,60.1,6
4/28/17,53.6,46.4,66,3.9
4/29/17,62.5,46,81,6.5
4/30/17,50.9,41,71.1,8.9
5/1/17,43.8,41,53.1,7.6
5/2/17,45.7,42.1,57,5.6
5/3/17,54.2,42.1,64,11.6
5/4/17,46.9,34,64,6.8
5/5/17,46.1,34,57.9,7.8
5/6/17,51.1,44.1,59,9.9
5/7/17,52.3,46.9,60.1,10.9
5/8/17,48.1,45,60.1,8.2
5/9/17,44.5,32,53.1,3.9
5/10/17,47.5,32,55.9,6.2
5/11/17,49,42.1,55.9,6.8
5/12/17,51.5,44.1,59,5.6
5/13/17,49,39,59,4.9
5/14/17,46.6,39,57.9,8.9
5/15/17,48.7,44.6,55,11.1
5/16/17,58.4,39.9,77,8.3
5/17/17,64.9,39.9,77,6.8
5/18/17,75.5,46.9,93,6.3
5/19/17,75.3,59,93,11.3
5/20/17,57,48,66.9,8.9
5/21/17,55,39,68,5.2
5/22/17,53.4,39,64.9,6.2
5/23/17,54.9,48,66.9,4.9
5/24/17,57.3,48.9,68,3.1
5/25/17,52.5,46.9,68,7.2
5/26/17,50.9,46.9,57,11.7
5/27/17,54.7,48,63,6.8
5/28/17,51.9,45,63,4.7
5/29/17,47.8,45,59,8.8
5/30/17,49.5,46,55,4.8
5/31/17,54.1,46.9,61,7.2
6/1/17,58.2,50,72,5.9
6/2/17,59.5,46,72,7.5
6/3/17,54.2,44.1,68,6.6
6/4/17,57.9,44.1,71.1,6.5
6/5/17,54.9,44.1,71.1,6.5
6/6/17,50.4,48,57.9,8.9
6/7/17,56.4,48,69.1,5.1
6/8/17,60.9,46.9,75,6.1
6/9/17,59.4,46.9,75,5.6
6/10/17,66.8,51.1,75.9,6.9
6/11/17,74.6,52,91,6.3
6/12/17,80.2,64.9,91,6.4
6/13/17,81.5,66,91,6.5
6/14/17,68.1,55,91,7.9
6/15/17,59.3,46.9,75.9,5.3
6/16/17,58.5,46.9,68,7.8
6/17/17,61,55.9,71.1,4
6/18/17,66.6,55.9,77,5.4
6/19/17,70.6,60.1,81,8.9
6/20/17,70.1,64,82.9,7.7
6/21/17,72.4,61,82.9,7.9
6/22/17,70,54,82,5.6
6/23/17,65.5,54,82,4.3
6/24/17,73.8,60.1,84.9,7.6
6/25/17,72.5,59,84.9,7.1
6/26/17,67.7,57.9,82,6.7
6/27/17,63.7,55.9,75.9,4.4
6/28/17,62.6,50,75.9,6.5
6/29/17,64,50,75.9,3.6
6/30/17,65.4,52,75.9,3.9
7/1/17,69.8,60.1,79,6.4
7/2/17,75.1,64,87.1,8.2
7/3/17,76.2,64,87.1,8.4
7/4/17,71.6,57,84,6.4
7/5/17,69.3,54,82,4.6
7/6/17,67.7,54,82,7.1
7/7/17,65.2,59,73.9,5.5
7/8/17,65.2,55.9,75.9,5.4
7/9/17,71.6,55.9,82,5.8
7/10/17,72.1,59,82,5.8
7/11/17,69.7,59,82,5.4
7/12/17,72.9,63,82.9,4.6
7/13/17,63.3,57.9,82.9,5.9
7/14/17,61.5,55,68,3.2
7/15/17,64.6,55,73,3.6
7/16/17,69.9,57.9,82,5
7/17/17,69.6,57.9,82,5
7/18/17,69.8,62.1,78.1,4.7
7/19/17,72.3,66,80.1,4.4
7/20/17,75.1,66,88,3.5
7/21/17,76.6,64.9,88,6.3
7/22/17,76.8,64.9,87.1,4.5
7/23/17,69.2,63,86,6.9
7/24/17,61.2,55.9,72,5.6
7/25/17,61.1,55,73,7.1
7/26/17,66.7,55,80.1,5.3
7/27/17,66.8,55.9,80.1,6.2
7/28/17,70.7,60.1,84,4.9
7/29/17,66.6,59,84,7
7/30/17,65.4,50,80.1,4.4
7/31/17,68.9,50,81,5.7
8/1/17,73.4,52,86,5.1
8/2/17,71.3,60.1,86,4.9
8/3/17,72,60.1,84,6
8/4/17,70.2,63,80.1,7
8/5/17,68.6,63,77,7.9
8/6/17,67.5,57,77,7.9
8/7/17,66.8,52,79,5.7
8/8/17,66.5,52,79,5.3
8/9/17,67.5,53.1,82,5.2
8/10/17,71,53.1,82,5.2
8/11/17,69.8,59,81,3.9
8/12/17,67.2,62.1,79,6
8/13/17,72.9,64,86,7.1
8/14/17,69.4,55,86,4.4
8/15/17,68.5,55,81,5.7
8/16/17,72.5,59,82,6.6
8/17/17,66.7,50,82.9,5.5
8/18/17,63.7,50,82.9,5.7
8/19/17,66.3,60.1,80.1,6.2
8/20/17,72,60.1,84,6.4
8/21/17,72,57.9,86,5.1
8/22/17,72.1,57.9,86,5.2
8/23/17,73.8,61,82,9.5
8/24/17,67.3,54,80.1,4.5
8/25/17,65.9,54,79,6.3
8/26/17,61.5,50,75,6.4
8/27/17,63.3,50,75,3.6
8/28/17,61.2,50,73.9,4
8/29/17,59,46.9,73,3.7
8/30/17,61.8,46.9,73.9,5.1
8/31/17,62.4,50,77,7.5
9/1/17,57.6,46,77,9.3
9/2/17,56.4,43,71.1,7.3
9/3/17,57.1,43,71.1,8.6
9/4/17,62.5,51.1,75.9,10.7
9/5/17,68.5,55,79,8.4
9/6/17,65.4,61,79,5.4
9/7/17,63.5,59,73.9,7.2
9/8/17,62.1,48.9,73.9,6.4
9/9/17,60.8,48.9,72,4.2
9/10/17,61.7,51.1,72,7
9/11/17,63.2,48.9,79,8.2
9/12/17,64,48.9,79,4.1
9/13/17,66.3,50,80.1,4.7
9/14/17,67.2,52,80.1,3.4
9/15/17,68.7,55,80.1,4.2
9/16/17,66.9,62.1,80.1,3.5
9/17/17,64.3,60.1,80.1,3
9/18/17,62.1,60.1,73.9,3.7
9/19/17,62.9,59,69.1,6.1
9/20/17,68.4,60.1,75,7.9
9/21/17,69.4,64,75,11.1
9/22/17,63,55.9,75,9.2
9/23/17,67.9,55.9,82,4.4
9/24/17,71.2,55.9,86,2.9
9/25/17,71.8,61,86,3.1
9/26/17,69.2,60.1,82.9,2.9
9/27/17,70,59,84,4.1
9/28/17,71.3,59,84,8.5
9/29/17,55.5,46,75.9,5.7
9/30/17,51.4,46,64.9,6.4
10/1/17,49.8,37.9,64.9,4.9
10/2/17,54.1,37.9,69.1,4.8
10/3/17,52.8,39.9,69.1,5.5
10/4/17,59.6,39.9,73.9,6.8
10/5/17,68.5,46.9,75.9,8.1
10/6/17,58.1,46,75.9,4.2
10/7/17,57,46,68,3.7
10/8/17,65.3,46.9,73,7.6
10/9/17,64.1,59,73,3.6
10/10/17,68.4,59,77,6.6
10/11/17,59.7,52,77,3.4
10/12/17,51,39,70,5.9
10/13/17,46.2,33.1,60.1,4.6
10/14/17,59.8,53.1,69.1,5.7
10/15/17,60.8,52,70,5.5
10/16/17,60,45,70,10.8
10/17/17,45.4,33.1,68,6.8
10/18/17,53.2,33.1,71.1,6.5
10/19/17,53.2,39,71.1,4.5
10/20/17,60.5,39,70,6.5
10/21/17,55.7,42.1,70,3.4
10/22/17,53.2,42.1,70,6
10/23/17,54.7,45,62.1,5.3
10/24/17,60.5,55.4,64.4,9.8
10/25/17,62.9,57,64.9,12.3
10/26/17,58.8,57,64.9,4.8
10/27/17,51.7,44.1,60.1,8.9
10/28/17,47.5,35.1,60.1,4.1
10/29/17,57,55,61,8
10/30/17,58.3,50,63,19.4
10/31/17,49.3,44.1,63,10.8
11/1/17,43.9,30,57,4.4
11/2/17,54.1,48.9,57.9,7.5
11/3/17,60.5,52,70,7.5
11/4/17,47,37,70,5.4
11/5/17,46.7,37,55,7.2
11/6/17,57.4,55,62.1,6.7
11/7/17,44,36,62.1,5.6
11/8/17,38.2,30.9,48,7.8
11/9/17,32.9,21.9,45,4.7
11/10/17,38.9,21.9,48.9,13.7
11/11/17,25.7,17.1,48.9,7.9
11/12/17,31.2,17.1,42.1,3.8
11/13/17,29.4,21.9,42.1,4.1
11/14/17,36.1,21.9,43,5.6
11/15/17,35.6,27,43,5.1
11/16/17,35.5,25,48,4.4
11/17/17,37.9,26.1,48,8.7
11/18/17,30.4,21,42.1,4.1
11/19/17,47.7,21,55.9,10.6
11/20/17,33.9,30,37.9,12.5
11/21/17,36.1,24.1,52,6.5
11/22/17,42.6,24.1,52,4.6
11/23/17,33.9,25,45,5.9
11/24/17,34.7,25,46.9,6.3
11/25/17,43.7,27,52,7.6
11/26/17,43.3,26.1,52,7.8
11/27/17,32.8,26.1,48,6.5
11/28/17,24.9,17.1,43,6.3
11/29/17,42.7,33.1,59,8.1
11/30/17,34.1,24.1,42.8,5.3
12/1/17,44.1,39.9,46.9,6.7
12/2/17,34.3,28,46.9,3.4
12/3/17,33.3,25,42.1,3.1
12/4/17,31.2,21.9,42.1,4.5
12/5/17,35.9,21.9,48.9,5
12/6/17,47.4,28.9,54,13.5
12/7/17,34.9,28,54,8.8
12/8/17,34.1,28,43,9.2
12/9/17,31.9,28.9,37.9,3.3
12/10/17,31.2,26.1,37,8.6
12/11/17,32.2,26.1,37.9,8.4
12/12/17,24.3,19,37.9,7.3
12/13/17,27.7,19,33.1,9.1
12/14/17,19.5,16,30.9,12.5
12/15/17,16,6.1,26.1,3.9
12/16/17,21.2,6.1,30.9,6
12/17/17,17.3,5,30.9,4.5
12/18/17,16.2,5,26.1,3.9
12/19/17,29.1,8.1,43,3.1
12/20/17,36.9,21.9,43,9.4
12/21/17,23.2,17.1,39.9,6.2
12/22/17,17.5,15.1,25,4.5
12/23/17,21.8,15.1,33.1,6.9
12/24/17,31.3,17.1,34,5.6
12/25/17,22.3,15.1,34,10.5
12/26/17,20.9,15.1,28.9,8.1
12/27/17,10,3,23,7.6
12/28/17,1.5,-6,15.1,7.1
12/29/17,-1.7,-13,8.1,3.4
12/30/17,-1.7,-13,12,2.9
12/31/17,0,-2,1,4.2
1/1/18,-2.8,-17,10.9,5.6
1/2/18,-0.7,-17,12,4.9
1/3/18,13.5,5,26.1,4.1
1/4/18,17.7,3.9,30,9.7
1/5/18,16.2,3.9,30,15.9
1/6/18,0.8,-2,3.9,13.2
1/7/18,0.4,-11.9,12.9,5.3
1/8/18,17.7,10.4,30,5.7
1/9/18,31.9,28,39,9.6
1/10/18,25,10,39,4.9
1/11/18,37.6,30,46.9,7.7
1/12/18,44.4,32,48.9,9
1/13/18,42.8,23,50,15.2
1/14/18,16.9,12,23,8.1
1/15/18,10.3,3,19.9,8.7
1/16/18,19.3,3,27,5
1/17/18,26.8,14,28.9,3.4
1/18/18,24.3,14,30,4.8
1/19/18,21.9,10.9,32,2.6
1/20/18,35.1,28.9,46.9,8.3
1/21/18,37.5,28,46.9,3.8
1/22/18,30,23,43,7.9
1/23/18,25.4,21,35.1,6.9
1/24/18,33.4,21.9,37.9,7.7
1/25/18,18.7,12,37.9,6.5
1/26/18,17.7,8.1,30.9,4.6
1/27/18,29.4,8.1,46,5.1
1/28/18,45.8,37.9,48,8
1/29/18,31.2,25,48,6.9
1/30/18,21.5,18,35.1,11.8
1/31/18,20.5,10,30,6.1
2/1/18,29.6,26.1,35.1,6.8
2/2/18,28.5,10,37.9,9.6
2/3/18,9.7,1.9,21.9,7.4
2/4/18,29.6,19.9,41,9.3
2/5/18,38.1,21,43,8.8
2/6/18,23,17.1,43,5
2/7/18,22.1,16,30.9,5.6
2/8/18,22.2,16,28,7.4
2/9/18,18.6,8.1,28,5.9
2/10/18,31.4,24.1,39.9,2.8
2/11/18,35.5,24.1,41,5.8
2/12/18,35.2,30,37.9,7.6
2/13/18,23.9,17.1,37.9,5.6
2/14/18,31.7,17.1,45,7.3
2/15/18,36.2,25,45,4.1
2/16/18,40.5,25,46,2.3
2/17/18,28.1,19.9,46,7.8
2/18/18,34.3,19.9,39.9,8.2
2/19/18,29.3,16,42.1,5.7
2/20/18,40.8,37,44.1,3.2
2/21/18,45.5,35.1,68,4.6
2/22/18,40.9,32,68,7.1
2/23/18,31.3,24.1,45,5.6
2/24/18,39.8,24.1,52,7.5
2/25/18,33.9,30,52,8.6
2/26/18,37.9,30,50,6.9
2/27/18,36.8,25,50,5.1
2/28/18,42.8,25,57.9,5.9
3/1/18,42.2,34,57.9,4.2
3/2/18,36.5,32,52,16.4
3/3/18,39.3,32,44.1,16.5
3/4/18,38.9,35.1,44.1,11.5
3/5/18,36.3,30.2,42.1,12.4
3/6/18,34.3,30.9,43,8
3/7/18,33.1,30.2,37,11
3/8/18,31.1,28.4,33.8,14.3
3/9/18,29.6,19.9,35.1,4.9
3/10/18,31.7,19.9,39,8.4
3/11/18,34.9,21.9,41,8
3/12/18,32.3,23,41,8
3/13/18,32.4,23,37,16.1
3/14/18,33.3,28,37.9,9.2
3/15/18,34.9,32,39.9,9.9
3/16/18,32.2,26.1,39.9,9.3
3/17/18,24.1,19.9,36,14.3
3/18/18,18.1,8.1,30,7.9
3/19/18,21.6,8.1,33.1,7.9
3/20/18,28,10,42.1,7.6
3/21/18,31.5,16,50,9.7
3/22/18,36.5,26.1,43,12.5
3/23/18,37.5,27,46,7.2
3/24/18,39.1,27,46,6.8
3/25/18,34.6,30,45,10.6
3/26/18,32.6,24.1,41,7
3/27/18,33.6,21,46.9,4.5
3/28/18,40.2,21,48,3.7
3/29/18,39.1,28.9,50,3.8
3/30/18,45.9,28.9,57.9,4.2
3/31/18,42.9,35.1,57.9,9.9
4/1/18,46.2,35.1,57,13.3
4/2/18,34,30.9,41,4.8
4/3/18,35,27,45,6.4
4/4/18,38.2,28,45,5
4/5/18,35.1,26.1,44.1,14.8
4/6/18,31.4,23,39.9,9.1
4/7/18,38.8,23,46,8.2
4/8/18,35.7,26.1,46,7.1
4/9/18,33.7,26.1,44.1,8.7
4/10/18,34.8,26.1,43,8.7
4/11/18,34.9,25,45,6.4
4/12/18,41,25,50,7.1
4/13/18,49.6,28,62.1,7.6
4/14/18,45.5,35.1,62.1,7.5
4/15/18,30.2,26.6,35.1,8.9
4/16/18,35.2,27,43,17.7
4/17/18,44.4,33.1,46.9,9
4/18/18,42.5,34,53.1,9.5
4/19/18,43.1,34,53.1,6.1
4/20/18,42.9,35.1,52,12.3
4/21/18,44.6,30.9,57,9.2
4/22/18,47,30.9,60.1,8.2
4/23/18,47.6,32,62.1,7
4/24/18,49.3,32,64,9
4/25/18,49.6,36,64,7.7
4/26/18,52.7,46.4,66,7.4
4/27/18,50.7,39.9,66.9,5.4
4/28/18,50.4,39.9,60.1,5.9
4/29/18,47.2,45,60.1,4.7
4/30/18,43.7,37,52,4
5/1/18,46,33.1,60.1,5.3
5/2/18,66.8,48,89.1,5.7
5/3/18,72.5,48.9,90,6
5/4/18,55.2,50,80.1,4.2
5/5/18,62.1,50,73,9.3
5/6/18,58.8,48.9,73,4.2
5/7/18,55.4,48.9,66.9,5.9
5/8/18,50.1,39.9,64,5.3
5/9/18,50.3,39.9,62.1,4.8
5/10/18,48.3,43,60.1,5.7
5/11/18,58,43,64.9,7.5
5/12/18,48.6,35.1,64.9,4.5
5/13/18,47.8,35.1,57,4.7
5/14/18,52.7,37,61,8.9
5/15/18,60.2,48.9,75.9,6.8
5/16/18,53.5,48,75.9,7
5/17/18,56.5,46.9,71.1,4.5
5/18/18,56.3,46.9,71.1,7.7
5/19/18,48.4,37,61,5.1
5/20/18,60.2,37,79,6.8
5/21/18,63.3,44.1,79,6.3
5/22/18,58.3,44.1,78.1,4.1
5/23/18,62.3,50,78.1,6.3
5/24/18,54.3,48.9,60.1,8.5
5/25/18,67.5,48.9,88,7.5
5/26/18,71.5,66.9,80.1,4.2
5/27/18,55.5,48,75,9
5/28/18,51.2,48,57.9,7
5/29/18,66.9,48,86,6.5
5/30/18,62.9,53.1,86,6.1
5/31/18,62.6,52,77,7.3
6/1/18,69.1,52,80.1,8.6
6/2/18,72.7,62.1,82.9,7.1
6/3/18,58.1,51.1,82.9,8
6/4/18,49.9,46.9,60.1,9
6/5/18,49,46,55,5.7
6/6/18,53.5,50,62.6,3.5
6/7/18,56.5,50,64,5.1
6/8/18,64.2,50,78.1,6.5
6/9/18,63.8,46.9,78.8,5.8
6/10/18,61.6,46,78.1,5.8
6/11/18,59.3,46.9,73,6.8
6/12/18,65,46.9,84,6.7
6/13/18,71.3,62.1,80.1,11.2
6/14/18,67.8,55,82,8
6/15/18,58.7,52,75,6.4
6/16/18,68.8,51.1,84.9,6.8
6/17/18,64.2,51.1,84.9,7.2
6/18/18,67.8,54,91,6.7
6/19/18,73.3,55,91,11.6
6/20/18,66.7,51.1,78.1,7.3
6/21/18,67.5,51.1,78.1,5.8
6/22/18,61.8,51.1,73.9,6.4
6/23/18,59.4,51.1,70,3.5
6/24/18,61.5,53.1,73,4.2
6/25/18,64.7,54,73,6.5
6/26/18,62.6,50,75.9,6.4
6/27/18,67.2,50,82,6.5
6/28/18,64.6,54,82,9.9
6/29/18,72.7,61,84.9,5.2
6/30/18,74.6,64,84.9,6.8
7/1/18,78,64.9,88,6.7
7/2/18,70.8,66,88,6
7/3/18,74.5,64,88,3.8
7/4/18,81.2,64,93,4.8
7/5/18,79.4,66.9,93,7.4
7/6/18,79.3,66.9,89.1,9.5
7/7/18,66,51.1,87.1,8.6
7/8/18,67.4,51.1,80.1,5.5
7/9/18,71.5,52,84,6.4
7/10/18,74,57.9,89.1,4.5
7/11/18,72.5,59,89.1,7.2
7/12/18,68.8,57.9,81,5.7
7/13/18,69.4,57.9,81,6.5
7/14/18,64.3,55.9,75.9,4.5
7/15/18,67.8,55.9,75,3.8
7/16/18,68.3,62.1,78.1,4
7/17/18,69,62.1,80.1,3.7
7/18/18,72,64,80.1,7.3
7/19/18,68.2,53.1,80.1,6.4
7/20/18,68.3,53.1,81,5
7/21/18,66.2,54,81,3.9
7/22/18,62.6,54,75.9,5.6
7/23/18,71.8,57.9,78.1,7.6
7/24/18,71.1,68,78.1,7.1
7/25/18,72.1,68,79,8.5
7/26/18,71.8,68,79,9.3
7/27/18,73,61,81,4
7/28/18,73.3,61,81,4.9
7/29/18,72.9,64,82,4.3
7/30/18,70.9,59,82,4.9
7/31/18,72.5,59,82,4.1
8/1/18,70.7,63,82,3.9
8/2/18,78.2,64,90,7
8/3/18,79,71.1,90,5.1
8/4/18,72.6,69.1,87.1,3.8
8/5/18,73.3,66,82.9,3.5
8/6/18,78.4,66,93,3.7
8/7/18,81.5,66,93,4.7
8/8/18,77.7,71.1,93,4.9
8/9/18,77.8,71.1,88,4.7
8/10/18,75.6,66.9,88,4.4
8/11/18,67,57.9,82.9,2.9
8/12/18,66.7,57.9,75,5.8
8/13/18,67.8,64,71.1,5
8/14/18,67.6,64.4,73.9,5.3
8/15/18,72.6,64.9,82.9,2.9
8/16/18,76.1,69.1,84.9,3.6
8/17/18,68,57.9,84.9,3.3
8/18/18,73.6,57.9,82,6
8/19/18,67.8,57.9,82,6.8
8/20/18,66.6,57.9,75,5.4
8/21/18,63.8,55.9,73,3.6
8/22/18,67.7,55.9,79,4.2
8/23/18,68.2,59,79,5.1
8/24/18,66.6,54,80.1,4.8
8/25/18,68.3,54,80.1,4.5
8/26/18,68.8,57.9,77,5.9
8/27/18,74.5,61,86,4.7
8/28/18,79.5,64.9,93,4.7
8/29/18,81.5,70,93,6.2
8/30/18,77,70,89.1,6.7
8/31/18,64,55.9,82.9,5.7
9/1/18,61.5,51.1,71.1,3.2
9/2/18,67,51.1,78.1,4.7
9/3/18,76.5,57.9,90,4.8
9/4/18,77.6,66,90,4.7
9/5/18,73,64.9,87.1,4.7
9/6/18,76.9,64.9,91.9,5.8
9/7/18,66.1,59,73.9,5.5
9/8/18,61.6,57,70,5.2
9/9/18,55.4,46,66.9,5.7
9/10/18,54.5,46,63,6.5
9/11/18,63.3,46,73.9,7.6
9/12/18,67.5,57,73.9,3.1
9/13/18,68.1,64.4,75,2.7
9/14/18,66.7,57.9,77,2.7
9/15/18,62.3,54,77,2.7
9/16/18,68.8,54,84,2.4
9/17/18,69.7,63,81,4.4
9/18/18,70.8,66.2,75.9,5.3
9/19/18,62.3,57,77,6.3
9/20/18,58.4,55.4,62.1,6.1
9/21/18,58.7,52,66,5
9/22/18,65.1,53.1,71.1,10.5
9/23/18,53.2,41,71.1,4.3
9/24/18,51.3,46.9,55,7.5
9/25/18,50.1,41,61,5.4
9/26/18,67.4,60.1,75,8.8
9/27/18,64.5,57,75,6.8
9/28/18,57.7,54,70,3.7
9/29/18,56.2,45,69.1,3.8
9/30/18,55.4,45,69.1,3.4
10/1/18,52.2,46,66,4
10/2/18,51.7,50,54,5.7
10/3/18,54.3,48.9,68,5.2
10/4/18,59.1,50,68,5.7
10/5/18,56.2,46.9,64.9,7.2
10/6/18,50.5,42.1,63,4.1
10/7/18,59.3,55.9,64.4,6
10/8/18,51.6,46.9,64,6.6
10/9/18,62.6,46.9,82,7.9
10/10/18,73.9,50,84,6.2
10/11/18,53.7,51.1,59,8.5
10/12/18,52.8,50,60.1,5.8
10/13/18,44.8,37.9,60.1,4.7
10/14/18,44.4,33.1,57,4.8
10/15/18,45.7,33.1,60.1,4
10/16/18,53.5,33.1,63,12.1
10/17/18,46,39,57.9,7.1
10/18/18,39.7,33.1,57.9,11.6
10/19/18,41.4,30,57,5.3
10/20/18,56.3,50,64,9.1
10/21/18,43.2,35.1,64,7.7
10/22/18,37.9,28.9,48.9,6.4
10/23/18,42.3,28.9,52,4.3
10/24/18,42.6,37,52,9.4
10/25/18,39,28,46.9,8.7
10/26/18,34.9,25,46.9,7
10/27/18,37.6,25,46,8.3
10/28/18,40.3,35.1,45,8.2
10/29/18,45,37,51.1,3.6
10/30/18,41.9,35.1,51.1,6
10/31/18,39.4,28.9,48.9,4.1
11/1/18,45.9,28.9,50,2.1
11/2/18,48.8,42.1,50,4
11/3/18,49.6,46.4,57.9,8.4
11/4/18,44.5,37,57.9,9.5
11/5/18,36.8,30.9,51.1,4.1
11/6/18,44.2,30.9,48.9,5.1
11/7/18,53,39.9,61,7.3
11/8/18,48.6,41,61,8.1
11/9/18,39.1,27,55,4.2
11/10/18,42.6,27,46.9,14.1
11/11/18,35.8,28.9,46,11.1
11/12/18,33,21,46.9,3.1
11/13/18,39.8,33.1,51.8,4.9
11/14/18,29.8,21,51.1,13.1
11/15/18,22.4,15.1,36,4.5
11/16/18,30.1,27,35.6,11.5
11/17/18,36.4,30,45,5.9
11/18/18,34.7,28.9,41,4.5
11/19/18,32.6,30.2,35.1,2.2
11/20/18,33.3,30.9,35.1,5.9
11/21/18,29.1,24.1,35.1,7.5
11/22/18,14,6.1,28,14.4
11/23/18,15.8,3.9,28,5.6
11/24/18,26.6,3.9,39,4.5
11/25/18,35,30.9,37.4,4.2
11/26/18,35.2,34,37.4,8.5
11/27/18,36.5,33.1,46.9,12.3
11/28/18,35.8,30.9,46.9,6.3
11/29/18,38.5,30.9,43,9.8
11/30/18,33.3,24.1,43,2.7
12/1/18,36.3,24.1,43,4.4
12/2/18,38.7,30,46.4,6.7
12/3/18,40.8,33.1,53.1,4.7
12/4/18,33.7,25,53.1,10.5
12/5/18,23.6,15.1,35.1,3
12/6/18,26.7,15.1,37.9,3.1
12/7/18,31.9,17.1,37.9,8.1
12/8/18,19.6,10.9,37.9,6
12/9/18,20.9,10.9,34,5
12/10/18,25.5,12,34,5.4
12/11/18,20.2,10,33.1,4.9
12/12/18,22.4,10,32,6
12/13/18,17.5,7,30.9,4.4
12/14/18,30.9,24.1,41,3.8
12/15/18,42.3,23,50,6
12/16/18,33,25,50,6
12/17/18,34,25,39.9,7.6
12/18/18,28.8,23,36,14.1
12/19/18,24.9,17.1,37,3.6
12/20/18,27.5,17.1,41,1.4
12/21/18,40.9,17.1,54,10.5
12/22/18,49.7,37,55.4,12.3
12/23/18,31.2,28,37,7.6
12/24/18,26.3,19.9,36,4.1
12/25/18,28.8,19.9,36,5.9
12/26/18,23.5,14,36,5.3
12/27/18,26.9,14,36,4.5
12/28/18,32.5,19.9,43,5.4
12/29/18,38.9,26.1,50,7.7
12/30/18,24.7,19.9,34,6.2
12/31/18,30.8,19.9,39.9,3.1
1/1/19,40.4,27,50,11.2
1/2/19,26.6,21.9,50,6
1/3/19,27.8,21.9,35.1,3.1
1/4/19,32.8,23,43,5.8
1/5/19,32.7,25,43,4.7
1/6/19,34.3,26.1,39.9,7.6
1/7/19,20.7,14,39.9,12.1
1/8/19,22.8,17.6,30.2,4.4
1/9/19,33.4,18,36,5.7
1/10/19,32.3,25,36,7.9
1/11/19,19.2,12.9,34,11.9
1/12/19,12,5,24.1,8.7
1/13/19,14.8,5,27,1.8
1/14/19,16.6,7,28,4.3
1/15/19,21.8,9,35.1,4.7
1/16/19,28.8,12.9,37,4.7
1/17/19,19.9,9,37,7.1
1/18/19,22.3,9,32,3.1
1/19/19,23.5,16,32,7.2
1/20/19,11.4,7,26.1,11.5
1/21/19,9,1.9,19,12.3
1/22/19,10.7,1,23,11.8
1/23/19,23.3,1,36,6.1
1/24/19,42.7,34,50,11
1/25/19,37,28,50,8
1/26/19,25.5,19.9,39,6.4
1/27/19,25.2,14,41,8.3
1/28/19,29.7,14,41,9.9
1/29/19,13,5,19.9,8.1
1/30/19,21.6,5,32,7.8
1/31/19,10.8,1,32,11
2/1/19,10.8,1,19.9,8.1
2/2/19,11.9,-2,26.1,4.7
2/3/19,20.3,-2,33.1,3.8
2/4/19,37.4,32,48.9,5.8
2/5/19,43.5,30,62.1,6.1
2/6/19,33.2,27,62.1,6.7
2/7/19,33.2,27,37,6.5
2/8/19,37.7,30.9,50,8.9
2/9/19,27.7,21.9,50,16.8
2/10/19,23.4,16,32,6.2
2/11/19,24.4,16,32,5.6
2/12/19,16.7,10,32,7.1
2/13/19,29.3,10,34,12.6
2/14/19,30.7,25,36,7.5
2/15/19,29.8,17.1,44.1,5.6
2/16/19,35.2,17.1,44.1,7.1
2/17/19,24.8,14,39,5.3
2/18/19,22.8,14,32,6.8
2/19/19,17.4,5,28,7.4
2/20/19,15.3,1.9,28,4.3
2/21/19,29.5,23,43,4.7
2/22/19,37,23,45,7.8
2/23/19,28.2,18,43,4.1
2/24/19,32.6,18,39.9,9
2/25/19,35,25,39.9,13.7
2/26/19,20.2,12.9,37.9,20.3
2/27/19,10.9,3.9,21.9,9.6
2/28/19,17.6,3.9,28.9,7
3/1/19,20.9,9,33.1,5
3/2/19,26.8,9,33.1,5.9
3/3/19,27.4,12.9,37.9,4.2
3/4/19,34.1,32,39.2,8.5
3/5/19,23.6,15.1,39,7
3/6/19,18,10,28.9,10.2
3/7/19,13.4,1.9,24.1,6.6
3/8/19,20.7,1.9,36,5.6
3/9/19,29.7,9,42.1,4.9
3/10/19,31.3,28,36,10
3/11/19,39.1,26.1,45,10.9
3/12/19,36,32,45,10.2
3/13/19,30,21,36,4.9
3/14/19,35.5,19.9,41,4.2
3/15/19,43.6,30.9,55,5.7
3/16/19,44.1,36,55,10.2
3/17/19,32.8,28,48.9,10.8
3/18/19,29.2,19.9,39,6.8
3/19/19,29.5,19.9,39,3.5
3/20/19,31.6,18,42.1,4.7
3/21/19,38.5,18,45,7
3/22/19,37.1,28,45,10.6
3/23/19,39.8,34,46.9,12.8
3/24/19,39.3,28,55,9.2
3/25/19,40,28,55,8.2
3/26/19,31.5,19,44.1,5.5
3/27/19,31.5,19,41,5.8
3/28/19,37,19.9,45,9.4
3/29/19,44.3,30,52,6.5
3/30/19,40.1,30.9,52,5.2
3/31/19,46.6,30.9,55,8.4
4/1/19,37.8,33.1,55,12.7
4/2/19,35.4,24.1,45,7.4
4/3/19,41.8,24.1,59,10.3
4/4/19,40.3,34,59,15.8
4/5/19,35.2,26.1,45,8.7
4/6/19,43.2,26.1,61,7.2
4/7/19,46.5,33.1,61,5
4/8/19,37.5,30.9,59,10.2
4/9/19,31.4,28.4,35.6,7.7
4/10/19,35.8,28.9,39.9,7.5
4/11/19,38.1,27,53.1,7.2
4/12/19,39.4,27,53.1,3.4
4/13/19,50.9,30,73,4.4
4/14/19,54.5,43,73,5.1
4/15/19,47.9,42.8,62.1,7.1
4/16/19,44.8,39.9,64,15.5
4/17/19,45.9,33.1,60.1,7.5
4/18/19,41.2,30,60.1,4.9
4/19/19,51.2,30,68,5.7
4/20/19,56.6,43,71.1,10.3
4/21/19,53.6,48.9,59,6.4
4/22/19,50.2,44.1,60.1,4
4/23/19,50,44.1,60.1,9.9
4/24/19,44.3,43,45,3.4